Date_Run,Surface,Expiry,Method,RMSE,Runtime_s,a,b,rho,m,sigma
2026-03-03 21:10,Surface1,0.0136986301369863,de,0.0010696017694839344,0.1945,0.0010000000370510298,0.017937516156231792,-0.6953879838113378,-0.11850436811128495,0.010000005099987053
2026-03-03 21:10,Surface1,0.0136986301369863,shgo,0.003220674232680884,0.2316,0.001,0.013270589771974508,-0.99,-0.34324559330123927,0.505
2026-03-03 21:10,Surface1,0.0136986301369863,basinhopping,0.0011863828089249794,0.0744,0.0010000000000000007,0.017603505762495447,-0.528737118469457,-0.07627546302396838,0.01
2026-03-03 21:10,Surface1,0.0136986301369863,dual_annealing,0.001248929630903911,0.1362,0.0010000000000000009,0.017350217219136065,-0.8332943988714742,-0.13488856533349974,0.045990671410363344
2026-03-03 21:10,Surface1,0.024657534246575342,de,0.0010675057468194392,0.1755,0.001000000006695756,0.025437499146104936,-0.7075145427220884,-0.09325684472459633,0.01000000726239797
2026-03-03 21:10,Surface1,0.024657534246575342,shgo,0.004445026856859604,0.044,0.001,0.019447676852362736,-0.9899999999999838,-0.31840683432041117,0.5050000000000049
2026-03-03 21:10,Surface1,0.024657534246575342,basinhopping,0.0010685282128899435,0.0846,0.001,0.02558073785623207,-0.7036489470162909,-0.0947594332214017,0.010000000000000002
2026-03-03 21:10,Surface1,0.024657534246575342,dual_annealing,0.0011402039876052818,0.1376,0.0010000000000000007,0.025677580105365316,-0.7871642292409102,-0.11642049631872842,0.01755692781628481
2026-03-03 21:10,Surface1,0.043835616438356165,de,0.0012956972776143076,0.156,0.001000000018339997,0.03771356530217623,-0.7764731458977427,-0.1302171113645002,0.03390645022125249
2026-03-03 21:10,Surface1,0.043835616438356165,shgo,0.006025694847645867,0.0391,0.001,0.028216589177310573,-0.99,-0.328316508355376,0.505
2026-03-03 21:10,Surface1,0.043835616438356165,basinhopping,0.0013149199896375274,0.0959,0.0010000000000000013,0.038477523997386846,-0.7939478447738104,-0.1423631893105008,0.04807327360960906
2026-03-03 21:10,Surface1,0.043835616438356165,dual_annealing,0.0013950073095685249,0.1371,0.0010926444488724347,0.03761016748673327,-0.8361240665867918,-0.14319086543193177,0.04339890676208177
2026-03-03 21:10,Surface1,0.06301369863013699,de,0.0013138463439094617,0.159,0.0010000000286301547,0.04108914579601208,-0.6980980671222731,-0.0926138930907946,0.034462769352793854
2026-03-03 21:10,Surface1,0.06301369863013699,shgo,0.006422707655981149,0.0386,0.0010000000000000295,0.032613487080001495,-0.99,-0.3264174491879186,0.505
2026-03-03 21:10,Surface1,0.06301369863013699,basinhopping,0.0013254237724683615,0.1023,0.0010000000000000002,0.04172705718273706,-0.696405284447323,-0.1000988299202998,0.03731862871925333
2026-03-03 21:10,Surface1,0.06301369863013699,dual_annealing,0.001379268085358947,0.138,0.001,0.039739623965968744,-0.6562658875213077,-0.06531906187722154,0.012273210003020863
2026-03-03 21:10,Surface1,0.13972602739726028,de,0.001382684364876396,0.1851,0.001000000042152116,0.05517775510245021,-0.7053336895436757,-0.07768214983961291,0.05883327414844891
2026-03-03 21:10,Surface1,0.13972602739726028,shgo,0.008200480594883663,0.0378,0.001,0.045542184476883844,-0.99,-0.31523973034413977,0.505
2026-03-03 21:10,Surface1,0.13972602739726028,basinhopping,0.0013932753675697496,0.1161,0.001,0.05576456767018507,-0.7226949428488038,-0.0870116758618003,0.06605932621995814
2026-03-03 21:10,Surface1,0.13972602739726028,dual_annealing,0.0013860595376196782,0.1374,0.0010000000000000074,0.05502713777111412,-0.7122710593897169,-0.07985154321123394,0.0623911722630667
2026-03-03 21:10,Surface1,0.2356164383561644,de,0.001578062967562145,0.166,0.0010000000594165281,0.06994904549578446,-0.7377346425515698,-0.07748913625460357,0.09325392204529764
2026-03-03 21:10,Surface1,0.2356164383561644,shgo,0.009734465501867426,0.0378,0.0010000000000000152,0.0598168140001947,-0.99,-0.30997464248864065,0.505
2026-03-03 21:10,Surface1,0.2356164383561644,basinhopping,0.0015826463397145417,0.1231,0.001,0.07003639060274959,-0.7348270691062329,-0.07517394861769726,0.09063667245896972
2026-03-03 21:10,Surface1,0.2356164383561644,dual_annealing,0.001589735717249346,0.1377,0.001,0.06901571219262621,-0.7365213482214615,-0.07155052509632272,0.09266257464333885
2026-03-03 21:10,Surface1,0.31232876712328766,de,0.0016325884605339605,0.1762,0.001000000032230275,0.07869116071849491,-0.7607963037508115,-0.07445411140093044,0.11930627534794597
2026-03-03 21:10,Surface1,0.31232876712328766,shgo,0.010373212825054741,0.0402,0.001,0.06958024655095078,-0.99,-0.3051939451951571,0.505
2026-03-03 21:10,Surface1,0.31232876712328766,basinhopping,0.0016383618689212096,0.1283,0.001,0.07896656496574914,-0.7645041671692837,-0.07850544368497829,0.12378111156084565
2026-03-03 21:10,Surface1,0.31232876712328766,dual_annealing,0.001775300461841095,0.1388,0.001983210827471998,0.07900103812636577,-0.8055634027116058,-0.09724453386353686,0.12004370194867604
2026-03-03 21:10,Surface1,0.5589041095890411,de,0.0018502905058176851,0.181,0.0010000001607052833,0.09809852011521147,-0.8046576034475094,-0.05894903356362291,0.1795691754913657
2026-03-03 21:10,Surface1,0.5589041095890411,shgo,0.0018502904836584764,0.0452,0.0010000000000000013,0.09809769601139742,-0.8046531616962538,-0.058941243430094256,0.17956677081557396
2026-03-03 21:10,Surface1,0.5589041095890411,basinhopping,0.0018508501729160296,0.1274,0.001,0.09797735789360766,-0.8044258018866287,-0.05778951306515321,0.1787062677638633
2026-03-03 21:10,Surface1,0.5589041095890411,dual_annealing,0.001853149206657514,0.1373,0.0010000000000000009,0.09754887439170096,-0.8023985952247378,-0.0559672386379767,0.17864090557461398
2026-03-03 21:10,Surface1,0.810958904109589,de,0.0018534446815392542,0.205,0.001000000146836988,0.10831564991259035,-0.8171088810793973,-0.02407797766671066,0.22264326517289723
2026-03-03 21:10,Surface1,0.810958904109589,shgo,0.0018534446676978778,0.0496,0.001,0.10831612663358904,-0.8170941380166724,-0.024073491121796138,0.22263759965397287
2026-03-03 21:10,Surface1,0.810958904109589,basinhopping,0.0018696346662093646,0.13,0.001,0.10897637004579423,-0.8380589828768322,-0.03757378952068244,0.2337916510012032
2026-03-03 21:10,Surface1,0.810958904109589,dual_annealing,0.0018739806158468602,0.1375,0.0013608686204153642,0.10770969232661924,-0.8226226737595825,-0.022337957458293034,0.22025687267992985
2026-03-03 21:10,Surface1,1.0602739726027397,de,0.0016742792953735042,0.2077,0.001000000297622372,0.11584398205813107,-0.8041146074095611,0.014395304767040318,0.25463712779603037
2026-03-03 21:10,Surface1,1.0602739726027397,shgo,0.0016742792867050237,0.0493,0.001,0.1158445456630976,-0.8041185448480597,0.014390561484414166,0.2546395564235815
2026-03-03 21:10,Surface1,1.0602739726027397,basinhopping,0.0016871929630456826,0.1305,0.001,0.11650178495856428,-0.7872892685953303,0.016709087847480774,0.25078017155640225
2026-03-03 21:10,Surface1,1.0602739726027397,dual_annealing,0.0017368097709505109,0.1386,0.003168625758651816,0.1144330325916398,-0.8494958549118246,-0.0022519884085964647,0.25278210694807324
2026-03-03 21:10,Surface1,1.5561643835616439,de,0.0015564332007151113,0.2409,0.0010000007316022796,0.1353697934984538,-0.6450576180965176,0.108103216199258,0.2591874425155998
2026-03-03 21:10,Surface1,1.5561643835616439,shgo,0.0015564331832112332,0.0536,0.001,0.1353698186719434,-0.6450496680604973,0.10810552879061852,0.2591858783328129
2026-03-03 21:10,Surface1,1.5561643835616439,basinhopping,0.0015616515049874545,0.1311,0.001,0.13508710698089618,-0.6426326726804471,0.1098675521085322,0.25940041121424395
2026-03-03 21:10,Surface1,1.5561643835616439,dual_annealing,0.0017195519723062882,0.1379,0.008465390843374153,0.12256228681766396,-0.8336551246527335,0.06979959068080567,0.26151940891553466
2026-03-03 21:10,Surface1,2.0575342465753423,de,0.0013840102263387973,0.2624,0.0010000004313834854,0.15934392545503073,-0.49582753894273013,0.18990541133436645,0.2543968883042331
2026-03-03 21:10,Surface1,2.0575342465753423,shgo,0.0013840102217279352,0.0651,0.001,0.1593437523961964,-0.49582675973153006,0.18990654273605773,0.2543968312995617
2026-03-03 21:10,Surface1,2.0575342465753423,basinhopping,0.0013859595349306603,0.156,0.0011034620740450682,0.15954625376025375,-0.49057483173223926,0.19152207057895387,0.25249626130130864
2026-03-03 21:10,Surface1,2.0575342465753423,dual_annealing,0.0016709137535878633,0.1391,0.02681327223232005,0.11723696973179429,-0.9582868273836594,0.12405652975616782,0.17728187439143978
2026-03-03 21:10,Surface1,2.5561643835616437,de,0.0008336507973009405,0.2841,0.001000000830557235,0.1607763663605412,-0.8179324016388878,0.12591487385840516,0.3806927635778646
2026-03-03 21:10,Surface1,2.5561643835616437,shgo,0.000833650793591769,0.0686,0.001,0.16077564710083178,-0.8179463995262584,0.12591179403826058,0.3806966121453166
2026-03-03 21:10,Surface1,2.5561643835616437,basinhopping,0.0008416489043124405,0.164,0.0010000000000000002,0.16039566158316573,-0.8213331798268465,0.1259190110024416,0.3825620619985028
2026-03-03 21:10,Surface1,2.5561643835616437,dual_annealing,0.0016697097665292694,0.1392,0.00292426923499243,0.1838910891589647,-0.4741890570744181,0.20116564346685795,0.26337905299780867
2026-03-03 21:10,Surface1,3.0547945205479454,de,0.0016428202140781173,0.3173,0.0010000002939480335,0.19852182058552992,-0.37319861984284824,0.27255366953565274,0.28123499984588785
2026-03-03 21:10,Surface1,3.0547945205479454,shgo,0.0016428202216292364,0.0846,0.001,0.198518519774506,-0.3732196215452754,0.27255313908430434,0.28124092401720757
2026-03-03 21:10,Surface1,3.0547945205479454,basinhopping,0.0017024345916539056,0.1594,0.0010000000000000002,0.2316964222434873,-0.15708847637310733,0.2931555215806471,0.23604160795553428
2026-03-03 21:10,Surface1,3.0547945205479454,dual_annealing,0.0016994999843131318,0.1429,0.0033616845740045715,0.21973221307791477,-0.2198485570120743,0.28486016370812495,0.2403697258632736
2026-03-03 21:10,Surface1,4.071232876712329,de,0.00043817889291091085,0.3526,0.0010000006047549692,0.17270734991162268,-0.9899999870255226,0.15798129950941187,0.5897703369556502
2026-03-03 21:10,Surface1,4.071232876712329,shgo,0.00043817888869491866,0.1161,0.001,0.1727071029414676,-0.99,0.15798290152602087,0.5897694229415142
2026-03-03 21:10,Surface1,4.071232876712329,basinhopping,0.0013430103743484103,0.1584,0.0010000000000000015,0.22762117775485957,-0.3836904212250356,0.2862310154307969,0.370442282843568
2026-03-03 21:10,Surface1,4.071232876712329,dual_annealing,0.0026713085015144544,0.1376,0.001,0.5012401758532796,0.40335840185609106,0.35773126317514786,0.19005671649581624
2026-03-03 21:10,Surface1,5.068493150684931,de,0.000362916050910284,0.4052,0.0010000000642710893,0.18428762557977868,-0.9899999983527232,0.21268514220079238,0.6767663990795768
2026-03-03 21:10,Surface1,5.068493150684931,shgo,0.00036291605569850236,0.1227,0.001000000000000001,0.18428719946446034,-0.99,0.21268844553781327,0.6767642482510599
2026-03-03 21:10,Surface1,5.068493150684931,basinhopping,0.00142850523589032,0.1389,0.001,0.30730463998268487,-0.09232639514257768,0.3640984582681771,0.36275585785079506
2026-03-03 21:10,Surface1,5.068493150684931,dual_annealing,0.0020241927451504745,0.1374,0.0010000000000000057,0.5898163096220717,0.4458880644698086,0.40762532197049395,0.22609969380991962
2026-03-03 21:10,Surface1,6.065753424657534,de,0.0003876957693086219,0.526,0.001000000380645072,0.193836460728534,-0.9899999974048858,0.28404814597566186,0.7573307734893224
2026-03-03 21:10,Surface1,6.065753424657534,shgo,0.00038769577356151326,0.1641,0.001,0.19383617372176645,-0.99,0.28405093058282976,0.7573287291891598
2026-03-03 21:10,Surface1,6.065753424657534,basinhopping,0.0012498068559904274,0.1296,0.00316759670566136,0.37062073089017444,0.03750505594032135,0.4332710152918489,0.3818321571844153
2026-03-03 21:10,Surface1,6.065753424657534,dual_annealing,0.00166869658628621,0.1392,0.014941779835922602,0.531478866645568,0.3362727865526658,0.4243047597967986,0.2853739638796412
2026-03-03 21:10,Surface1,7.063013698630137,de,0.00038715572553232587,0.5105,0.0010000005244695798,0.20080424451022194,-0.9899999976296845,0.36028512309898464,0.8396920039279727
2026-03-03 21:10,Surface1,7.063013698630137,shgo,0.0003871557284823614,0.1923,0.0010000000000000002,0.20080408740614203,-0.99,0.3602859120058932,0.8396924425729614
2026-03-03 21:10,Surface1,7.063013698630137,basinhopping,0.001004291098417428,0.126,0.0010000000000000026,0.4163284253576938,0.09453662575668975,0.4991702411621377,0.42834823579786513
2026-03-03 21:10,Surface1,7.063013698630137,dual_annealing,0.001600776507124523,0.1361,0.07609569855481818,0.5259639769223413,0.3099790499107605,0.38174916541122234,0.2521263986343547
2026-03-03 21:10,Surface1,8.06027397260274,de,0.0003894578537347699,0.8367,0.0010000017765920965,0.20392123296669568,-0.989999992900818,0.4688516810449409,0.8978742454799687
2026-03-03 21:10,Surface1,8.06027397260274,shgo,0.0003894578567385401,0.1865,0.001,0.20392095441992922,-0.99,0.4688546548778528,0.897871144473931
2026-03-03 21:10,Surface1,8.06027397260274,basinhopping,0.0009762444167370452,0.1224,0.06017058412856599,0.4219428904144616,0.10360583149189152,0.5,0.3734641722489167
2026-03-03 21:10,Surface1,8.06027397260274,dual_annealing,0.0009290512578609886,0.1391,0.14132871824292734,0.19018603914660287,-0.9897396309120845,0.2977104844880428,0.46027490134745747
2026-03-03 21:10,Surface1,9.057534246575342,de,0.0004910910937556217,0.4118,0.0669257073592836,0.20291598953271528,-0.9899999983574858,0.49999999667134587,0.7547478341609759
2026-03-03 21:10,Surface1,9.057534246575342,shgo,0.0004910910840345764,0.1889,0.06692515139827551,0.20291607412161597,-0.99,0.5,0.7547501160942763
2026-03-03 21:10,Surface1,9.057534246575342,basinhopping,0.0009216100510845839,0.1197,0.1402693536379286,0.3764175356894049,-0.029823076696384346,0.42629724232065946,0.34251869627478254
2026-03-03 21:10,Surface1,9.057534246575342,dual_annealing,0.0008420318801185642,0.1384,0.18236965556822138,0.19541772624737938,-0.9854414687440993,0.3195213897721621,0.44478919700335356
2026-03-03 21:10,Surface1,10.073972602739726,de,0.0005200166121357458,0.5251,0.12032879985913325,0.20988713381729213,-0.9899999921435637,0.499999999715638,0.6703203617706349
2026-03-03 21:10,Surface1,10.073972602739726,shgo,0.0005200166097766773,0.2047,0.12033033266119503,0.20988681503288986,-0.99,0.49999999999999994,0.67031352548936
2026-03-03 21:10,Surface1,10.073972602739726,basinhopping,0.0010050406949548357,0.1165,0.23649807292459787,0.43970484434502044,0.08781907278239034,0.3232751780242711,0.2358121055688162
2026-03-03 21:10,Surface1,10.073972602739726,dual_annealing,0.001682461202976584,0.1392,0.3315716338760528,0.8260552272518767,0.5293593547139008,0.13667610652264106,0.07044062705120742
2026-03-03 21:10,Surface1,11.07123287671233,de,0.0004995476946232632,0.562,0.17395839214392833,0.21354971503173675,-0.9899999958627713,0.499999999950576,0.6152511946646422
2026-03-03 21:10,Surface1,11.07123287671233,shgo,0.0004995476907285468,0.2314,0.1739573475696503,0.21354996386482653,-0.99,0.5,0.6152557450363669
2026-03-03 21:10,Surface1,11.07123287671233,basinhopping,0.0010242558624696649,0.1108,0.3316215292447829,0.5091087639480527,0.19851237367856003,0.225054347348219,0.16235156796147168
2026-03-03 21:10,Surface1,11.07123287671233,dual_annealing,0.001241053469665896,0.1397,0.3673218431437262,0.8716075749283205,0.5365405239339056,0.1546357783123911,0.08831015526918545
2026-03-03 21:10,Surface1,12.068493150684931,de,0.0004677483008525357,0.4768,0.2214005701075364,0.21967564843117238,-0.989999993558643,0.4999999997785368,0.5837826188770153
2026-03-03 21:10,Surface1,12.068493150684931,shgo,0.00046774830458023184,0.1768,0.22139864630476372,0.21967606489913616,-0.99,0.5,0.583791714433091
2026-03-03 21:10,Surface1,12.068493150684931,basinhopping,0.0008840988559750041,0.0945,0.38981579303047836,0.41921860396592986,-0.008929724010464829,0.19594743495462738,0.17792875031905445
2026-03-03 21:10,Surface1,12.068493150684931,dual_annealing,0.0009679285453883647,0.1398,0.4007166979256247,0.8953142318991891,0.5293830693024508,0.17715360308118197,0.10749584345816396
2026-03-03 21:10,Surface1,13.065753424657535,de,0.00045571211969805,0.9732,0.2425832034492561,0.23326086883856462,-0.9899999998573455,0.4999999997573592,0.6192523604438845
2026-03-03 21:10,Surface1,13.065753424657535,shgo,0.0004557121276914443,0.1154,0.24258625746575083,0.23326026468552444,-0.99,0.5,0.61923849042778
2026-03-03 21:10,Surface1,13.065753424657535,basinhopping,0.0009212108093217227,0.0932,0.4431437557758709,0.5403962593519553,0.17051452273200612,0.15672714690958767,0.1609673024103061
2026-03-03 21:10,Surface1,13.065753424657535,dual_annealing,0.0009149424239737578,0.1397,0.431887364953636,0.9010850305210163,0.5021105744834995,0.1798642970996901,0.1295001988134493
2026-03-03 21:10,Surface1,14.063013698630137,de,0.00043746897911235754,0.9714,0.2670708340128918,0.24424216068251892,-0.9899999864072189,0.49999999896974057,0.6529388594467493
2026-03-03 21:10,Surface1,14.063013698630137,shgo,0.0004374689826323583,0.0893,0.2670741331559026,0.24424149690280747,-0.99,0.5,0.6529249695740955
2026-03-03 21:10,Surface1,14.063013698630137,basinhopping,0.0007931347894227108,0.0881,0.4626576421062183,0.4623584679925465,-0.016781672432851235,0.1873916294367102,0.2120860924989459
2026-03-03 21:10,Surface1,14.063013698630137,dual_annealing,0.0008518021825186784,0.1392,0.4605930747659935,0.9119792175450571,0.4838071057213139,0.18963390458194507,0.15243611844991348
2026-03-03 21:10,Surface1,19.068493150684933,de,0.0003868128692298519,0.9472,0.2967554463371367,0.30985209005015735,-0.9899999902622701,0.49999999679421603,0.8875425764276438
2026-03-03 21:10,Surface1,19.068493150684933,shgo,0.0003868129819711921,0.1887,0.2967795611999311,0.3098484043196808,-0.99,0.49999999999999994,0.8874665790149323
2026-03-03 21:10,Surface1,19.068493150684933,basinhopping,0.0007702811917598031,0.0871,0.6470541374587498,0.532264282803913,-0.11574142730936988,0.059599161922223684,0.2919460871049662
2026-03-03 21:10,Surface1,19.068493150684933,dual_annealing,0.0006027231594654814,0.141,0.402423833918332,0.9496524677623396,0.36237164312478176,0.40242258835153466,0.36957386320425073
2026-03-03 21:10,Surface2,0.005479452054794521,de,0.0006313248332265876,0.2301,0.001000000002205681,0.0026419842820438744,-0.9899999985620208,-0.3020093684264573,0.010000000693056788
2026-03-03 21:10,Surface2,0.005479452054794521,shgo,0.0006313248369320544,0.0475,0.001,0.0026408772050283942,-0.99,-0.301913374018279,0.01
2026-03-03 21:10,Surface2,0.005479452054794521,basinhopping,0.0007918136735126653,0.045,0.001,0.001,-0.4476181507485159,0.04998502557855534,0.015509841594257164
2026-03-03 21:10,Surface2,0.005479452054794521,dual_annealing,0.0007879755676306412,0.141,0.0010000000000000035,0.0013356421068527738,-0.8002882839854764,-0.2834206366173284,0.05679127651127435
2026-03-03 21:10,Surface2,0.024657534246575342,de,0.0007028136440852458,0.1843,0.0010000000106196172,0.012881783750377074,-0.8168485802404352,-0.13719524717745674,0.010000001490139687
2026-03-03 21:10,Surface2,0.024657534246575342,shgo,0.001723355650112541,0.0387,0.0010000000000000026,0.012766818449152787,0.0,0.08867112516076299,0.01
2026-03-03 21:10,Surface2,0.024657534246575342,basinhopping,0.0011151074072199344,0.0724,0.0010000000000000002,0.012047013709082077,-0.4864348059873722,-0.04739049077172208,0.04543119481657451
2026-03-03 21:10,Surface2,0.024657534246575342,dual_annealing,0.0007258650362135196,0.1432,0.001,0.013268240057297431,-0.8050782052236809,-0.1505393592557831,0.03170767272138319
2026-03-03 21:10,Surface2,0.043835616438356165,de,0.0010433376382125758,0.176,0.00100000005328571,0.023709435084104225,-0.6817496597553774,-0.09033388069692394,0.010000068772573256
2026-03-03 21:10,Surface2,0.043835616438356165,shgo,0.0040147242781601415,0.0409,0.001,0.018607437627371576,-0.9899999999999998,-0.33190769906470263,0.505
2026-03-03 21:10,Surface2,0.043835616438356165,basinhopping,0.001071478765865955,0.0832,0.0010000000000000007,0.024438179606436416,-0.6879346641392848,-0.10967653262905402,0.011449037534510102
2026-03-03 21:10,Surface2,0.043835616438356165,dual_annealing,0.001074469061936334,0.1409,0.001,0.024871131820871042,-0.7270121081451466,-0.12490942794644345,0.04568038256978943
2026-03-03 21:10,Surface2,0.06301369863013699,de,0.0013988350536324017,0.1594,0.0010000000070236603,0.035766461645721004,-0.647884969937994,-0.08523319331403928,0.01739307098175885
2026-03-03 21:10,Surface2,0.06301369863013699,shgo,0.005723117616668652,0.041,0.001000000000000005,0.028434693935772425,-0.99,-0.3354645124137783,0.505
2026-03-03 21:11,Surface2,0.06301369863013699,basinhopping,0.0014124382691319771,0.0994,0.001,0.03500258060329363,-0.6487282638946912,-0.0774744696984962,0.011070027133879105
2026-03-03 21:11,Surface2,0.06301369863013699,dual_annealing,0.0016988433613405402,0.1441,0.0014778880440113917,0.03788833269769751,-0.7955382280921374,-0.15633710000574905,0.029979649350078408
2026-03-03 21:11,Surface2,0.13972602739726028,de,0.0013922769639613545,0.1772,0.0010000000180718782,0.043193744559208436,-0.6315472707189944,-0.0704853051900266,0.035421128377081945
2026-03-03 21:11,Surface2,0.13972602739726028,shgo,0.0065229241723492775,0.0407,0.001,0.03541992976396639,-0.99,-0.32977543441502816,0.505
2026-03-03 21:11,Surface2,0.13972602739726028,basinhopping,0.001411612336800244,0.11,0.001,0.04384886174123863,-0.6594605297980046,-0.08595126697103744,0.047086990742072676
2026-03-03 21:11,Surface2,0.13972602739726028,dual_annealing,0.001831656204694543,0.1667,0.002142345375117555,0.04162606732181495,-0.8089289203966029,-0.11647895936722602,0.043023329507718595
2026-03-03 21:11,Surface2,0.2356164383561644,de,0.0013793684074559012,0.1566,0.0010000002028794919,0.052413330368300204,-0.5941603338302436,-0.051862715318313546,0.05098516851077689
2026-03-03 21:11,Surface2,0.2356164383561644,shgo,0.007321198438543366,0.0398,0.001,0.04439600242897554,-0.99,-0.3265047564807891,0.505
2026-03-03 21:11,Surface2,0.2356164383561644,basinhopping,0.0013824861092756708,0.1175,0.001,0.052418960944519255,-0.5829071229479373,-0.04810955645305129,0.04598272624742216
2026-03-03 21:11,Surface2,0.2356164383561644,dual_annealing,0.001920623945410551,0.1438,0.002990958093171668,0.047204054507449834,-0.7480639913047796,-0.06464280031002476,0.01742075533874043
2026-03-03 21:11,Surface2,0.31232876712328766,de,0.0013414902130064591,0.1627,0.0010000000382077712,0.05810448700832965,-0.5833394113488003,-0.041384822188372694,0.06302681066647642
2026-03-03 21:11,Surface2,0.31232876712328766,shgo,0.007714829378081239,0.0408,0.001,0.050044285691975755,-0.99,-0.3209201327322074,0.505
2026-03-03 21:11,Surface2,0.31232876712328766,basinhopping,0.0013533149755125275,0.1181,0.0010000000000000007,0.05856888722418558,-0.5908742106944872,-0.04496704464646663,0.06752445151429973
2026-03-03 21:11,Surface2,0.31232876712328766,dual_annealing,0.001353006979919726,0.1493,0.001,0.05793882813241622,-0.5852499848865843,-0.04414596527815107,0.06764251895392312
2026-03-03 21:11,Surface2,0.5616438356164384,de,0.0010908014188381553,0.1717,0.0010000000196643266,0.06817221043404276,-0.5881050142769014,-0.011976106032150435,0.10689785781396832
2026-03-03 21:11,Surface2,0.5616438356164384,shgo,0.007728662623324778,0.0427,0.001000000000000004,0.06262429805495469,-0.99,-0.3003826499489478,0.505
2026-03-03 21:11,Surface2,0.5616438356164384,basinhopping,0.0010999256295769228,0.1241,0.001,0.06797139453820789,-0.5980223025643995,-0.01499402676247662,0.1076351138659075
2026-03-03 21:11,Surface2,0.5616438356164384,dual_annealing,0.0011054422160054883,0.1438,0.001,0.06881996667868366,-0.5911931076231459,-0.0157036009374205,0.10568124856405034
2026-03-03 21:11,Surface2,0.810958904109589,de,0.0008723769647178748,0.2108,0.001000000043117899,0.07171271990859318,-0.6137930651824137,0.019677076256923276,0.1495766913886108
2026-03-03 21:11,Surface2,0.810958904109589,shgo,0.006891285145124813,0.0398,0.001,0.07065880351294922,-0.99,-0.2751920055966673,0.505
2026-03-03 21:11,Surface2,0.810958904109589,basinhopping,0.0008818110594827382,0.126,0.0010000000000000005,0.07200521622671838,-0.60765253537166,0.018629247034733985,0.15027918596865697
2026-03-03 21:11,Surface2,0.810958904109589,dual_annealing,0.0008866239909373883,0.1434,0.001000000000000097,0.07207567588536547,-0.6222532009842596,0.012938532737205553,0.1547885695068061
2026-03-03 21:11,Surface2,1.0602739726027397,de,0.000942832544268482,0.2076,0.001000000015748015,0.08929601749206151,-0.5837806954644631,0.027705471810007154,0.17045543004594377
2026-03-03 21:11,Surface2,1.0602739726027397,shgo,0.0009428325470517422,0.0492,0.001,0.08929566815394864,-0.5837746994694354,0.027709966922187333,0.17045287711863952
2026-03-03 21:11,Surface2,1.0602739726027397,basinhopping,0.0009485702216379396,0.1258,0.0010000000000000002,0.08923268746297933,-0.5721300683458163,0.0324835997938412,0.16765740487508574
2026-03-03 21:11,Surface2,1.0602739726027397,dual_annealing,0.0009841809463811883,0.1453,0.001,0.08889023226279752,-0.5659415236466125,0.038455918792034464,0.16166739887530993
2026-03-03 21:11,Surface2,1.558904109589041,de,0.0007954820402022024,0.2215,0.001000000092863329,0.09818713622699515,-0.6108882291132866,0.07102788928277914,0.22395176205493728
2026-03-03 21:11,Surface2,1.558904109589041,shgo,0.0007954820431009071,0.0494,0.001,0.09818704899017189,-0.6108857441095438,0.07102976887268564,0.22395136289267026
2026-03-03 21:11,Surface2,1.558904109589041,basinhopping,0.0008126232233924061,0.1346,0.0011106916022850368,0.09718411342039016,-0.6326379482017467,0.06669978500820781,0.22881388854858517
2026-03-03 21:11,Surface2,1.558904109589041,dual_annealing,0.0012064151878972127,0.1437,0.011609412538680244,0.08251718758705677,-0.8762721191839612,0.028660902509881018,0.17350803738174536
2026-03-03 21:11,Surface2,2.0575342465753423,de,0.0007706710740333345,0.2733,0.0010000000636585238,0.11749906110228286,-0.573560300398136,0.08192372436376061,0.26035321112869275
2026-03-03 21:11,Surface2,2.0575342465753423,shgo,0.0007706710688866905,0.0539,0.001,0.11749847389921213,-0.5735732534322964,0.08192066247987985,0.26035727835330547
2026-03-03 21:11,Surface2,2.0575342465753423,basinhopping,0.0007928384331185313,0.1337,0.0018992753784556563,0.11653672228141487,-0.5784519042672103,0.0827578822584625,0.25384686598100786
2026-03-03 21:11,Surface2,2.0575342465753423,dual_annealing,0.001232781145730747,0.1454,0.013600565373606655,0.09973299080430853,-0.7327068882506833,0.07243865822611362,0.18260282602759492
2026-03-03 21:11,Surface2,2.5561643835616437,de,0.0007260051980874009,0.2604,0.0010000001141758363,0.13295434498391456,-0.5542173698752983,0.0957100638780175,0.2942820894110545
2026-03-03 21:11,Surface2,2.5561643835616437,shgo,0.0007260052062971917,0.0557,0.001,0.13295339315410404,-0.5542330246532379,0.09570578619587404,0.2942883704861464
2026-03-03 21:11,Surface2,2.5561643835616437,basinhopping,0.0007572479371536874,0.1437,0.001,0.1346763784847094,-0.5148781182604175,0.10734064212185777,0.282265444438578
2026-03-03 21:11,Surface2,2.5561643835616437,dual_annealing,0.0012957994188017704,0.1424,0.02070379877281489,0.10480554263653608,-0.8686715097726418,0.05286671198153864,0.221781633317736
2026-03-03 21:11,Surface2,3.0547945205479454,de,0.0006920894847077345,0.5437,0.0010000004312155641,0.14722194860611076,-0.5478693204121303,0.10596522089846083,0.32708760860760566
2026-03-03 21:11,Surface2,3.0547945205479454,shgo,0.000692089478862152,0.082,0.001,0.1472214177985922,-0.5478775864141957,0.10596315934811942,0.32709047671585584
2026-03-03 21:11,Surface2,3.0547945205479454,basinhopping,0.0007512796109211017,0.226,0.0038485802367635956,0.14545616948564047,-0.5518562756060373,0.10465672799044944,0.31041340619407837
2026-03-03 21:11,Surface2,3.0547945205479454,dual_annealing,0.001171825691100326,0.1523,0.019532743787061553,0.12298121307302302,-0.8684105179849176,0.027480274782213446,0.3085410192864397
2026-03-03 21:11,Surface2,4.071232876712329,de,0.0006217773418498106,0.3353,0.0010000000751226867,0.1738181579087934,-0.5311400581347587,0.11928681442826516,0.38677506018993196
2026-03-03 21:11,Surface2,4.071232876712329,shgo,0.0006217773394285341,0.0862,0.0010000000000000002,0.17381658839988667,-0.5311650995659276,0.11927818409690963,0.3867842310244925
2026-03-03 21:11,Surface2,4.071232876712329,basinhopping,0.0006312613225046454,0.1707,0.0010000000000000005,0.17431754690972381,-0.5205377728019404,0.12322080588663699,0.38262047125887666
2026-03-03 21:11,Surface2,4.071232876712329,dual_annealing,0.003014419454276543,0.1587,0.001,0.25701710093190844,0.09660554655938998,0.2636730832391239,0.21765241176384292
2026-03-03 21:11,Surface2,5.068493150684931,de,0.0005614834598510521,0.3335,0.001000000337113116,0.19685268146014634,-0.5282516597540812,0.12907532608772843,0.44173552956367085
2026-03-03 21:11,Surface2,5.068493150684931,shgo,0.0005614834583747488,0.0869,0.001,0.19685124932949505,-0.528266810444556,0.12907058836848526,0.44174178409249437
2026-03-03 21:11,Surface2,5.068493150684931,basinhopping,0.0005950405390421809,0.1545,0.0013209769997067598,0.19862333718767985,-0.49716684333146166,0.14146224514560696,0.42913137928036615
2026-03-03 21:11,Surface2,5.068493150684931,dual_annealing,0.0014509384927070125,0.1454,0.013647400708294103,0.17965068665129508,-0.8429633256541754,-0.009768165852553383,0.5215986742048407
2026-03-03 21:11,Surface2,6.065753424657534,de,0.0005219954266521285,0.3617,0.001000000506264087,0.22268674167333719,-0.5197337656608707,0.12984119351281465,0.490627350713224
2026-03-03 21:11,Surface2,6.065753424657534,shgo,0.0005219954309977772,0.1037,0.001,0.2226833248331818,-0.5197685281079985,0.12983072500425874,0.4906409905678151
2026-03-03 21:11,Surface2,6.065753424657534,basinhopping,0.0006193105190780171,0.1532,0.001,0.22878423280859006,-0.44879203648127736,0.15607620694255295,0.4633966249297946
2026-03-03 21:11,Surface2,6.065753424657534,dual_annealing,0.003869097449641919,0.143,0.0010000000000000224,0.524493712654771,0.45604889406578925,0.34115465738608675,0.20417720603941997
2026-03-03 21:11,Surface2,7.063013698630137,de,0.0004919188996249445,0.3368,0.001000000271128565,0.24789654234990394,-0.5144954447653316,0.1259161395198063,0.5350786793964373
2026-03-03 21:11,Surface2,7.063013698630137,shgo,0.0004919189019191957,0.106,0.001,0.2478961585985997,-0.5144996513267183,0.12591428694810022,0.5350805007204489
2026-03-03 21:11,Surface2,7.063013698630137,basinhopping,0.0005724661441390127,0.1447,0.02169134493062087,0.23114754339330437,-0.5904786259305765,0.10542051019145746,0.4959358599708431
2026-03-03 21:11,Surface2,7.063013698630137,dual_annealing,0.0013392024762527007,0.1447,0.047621088543830035,0.22461825468215416,-0.5209672615770932,0.12999985712337284,0.3765583110660144
2026-03-03 21:11,Surface2,8.06027397260274,de,0.0004326625023425672,0.378,0.0010000007569636593,0.26524246136182605,-0.5250066489247137,0.12572009659478633,0.5934327725167042
2026-03-03 21:11,Surface2,8.06027397260274,shgo,0.0004326625296820613,0.1255,0.001,0.2652375813691729,-0.5250495548074481,0.12570437188549735,0.5934526757654535
2026-03-03 21:11,Surface2,8.06027397260274,basinhopping,0.0005172355230642115,0.1436,0.029518566148665527,0.24451587026502514,-0.6140892229354945,0.09911300265125213,0.5427253133200465
2026-03-03 21:11,Surface2,8.06027397260274,dual_annealing,0.0027640706538479306,0.1415,0.12798508808217912,0.17193859530560426,-0.9402537165126452,0.05521372048070664,0.22148711237652707
2026-03-03 21:11,Surface2,9.057534246575342,de,0.0003932036125392798,0.4295,0.0010000013255967444,0.282787033034017,-0.546041971288162,0.11787013519981415,0.648716805188736
2026-03-03 21:11,Surface2,9.057534246575342,shgo,0.00039320362597614804,0.1694,0.001,0.2827845994530993,-0.5460645962718921,0.11786069714452464,0.6487280612098385
2026-03-03 21:11,Surface2,9.057534246575342,basinhopping,0.0005000386953156184,0.1373,0.023519629818023167,0.26395754314376674,-0.6295938188317368,0.09483090919407378,0.6235973544628456
2026-03-03 21:11,Surface2,9.057534246575342,dual_annealing,0.00260403082290252,0.1427,0.0010000000000000096,0.5793120521968373,0.34167757515895114,0.3322076751306392,0.3198002991786964
2026-03-03 21:11,Surface2,10.073972602739726,de,0.00037142140554460645,0.3608,0.001000002276724088,0.3036892034165217,-0.556177949801651,0.1040144132346702,0.6943133790543
2026-03-03 21:11,Surface2,10.073972602739726,shgo,0.0003714214818571955,0.1997,0.001,0.30368725879450503,-0.5562019505396931,0.1039993672215638,0.6943275495581394
2026-03-03 21:11,Surface2,10.073972602739726,basinhopping,0.00048613173856226923,0.1367,0.030798195132852348,0.29055241300710544,-0.5856178042140914,0.09275710815806022,0.629538811711978
2026-03-03 21:11,Surface2,10.073972602739726,dual_annealing,0.0024152515953487397,0.141,0.0010000000000000018,0.6033238586658923,0.31403471731090193,0.32391820076199634,0.3526854774040562
2026-03-03 21:11,Surface2,11.07123287671233,de,0.00032524816227115,0.4656,0.0010000016887866114,0.31134161367250357,-0.579790211590527,0.09398089201716275,0.7523836463233874
2026-03-03 21:11,Surface2,11.07123287671233,shgo,0.0003252482951217421,0.2114,0.0010000000000000005,0.3113314597121593,-0.5798710532705316,0.09394627928505848,0.7524288691219532
2026-03-03 21:11,Surface2,11.07123287671233,basinhopping,0.0006344441560614656,0.1341,0.023587069011738578,0.317275431860529,-0.4811369944246286,0.13287475380133668,0.6479854716961192
2026-03-03 21:11,Surface2,11.07123287671233,dual_annealing,0.002220113289398771,0.1421,0.001,0.6462330967525756,0.3297079985809199,0.32248825914624635,0.3731828982676026
2026-03-03 21:11,Surface2,12.068493150684931,de,0.0002869913907226792,0.3732,0.0010000019029088314,0.31593804039460877,-0.6181588879058802,0.07872825014251239,0.8150375926756336
2026-03-03 21:11,Surface2,12.068493150684931,shgo,0.00028699172951282716,0.1808,0.0010000000000000007,0.31592165541646533,-0.6183057902143565,0.07865509504709411,0.8151254030393122
2026-03-03 21:11,Surface2,12.068493150684931,basinhopping,0.0006278421045054448,0.1387,0.017789111039943836,0.33512279665304084,-0.45105197356676185,0.1443503408123384,0.6862198137925237
2026-03-03 21:11,Surface2,12.068493150684931,dual_annealing,0.0021122662224288924,0.1426,0.0010000000000000091,0.7132331393432557,0.37361793037495206,0.33388421489449466,0.380210935480901
2026-03-03 21:11,Surface2,13.065753424657535,de,0.0002534674154070324,0.3852,0.0010000011414843524,0.31751940029230274,-0.6728671488848086,0.05642241107083035,0.8852053190998859
2026-03-03 21:11,Surface2,13.065753424657535,shgo,0.0002534674965472757,0.1841,0.001,0.3175135357215279,-0.6729263315373938,0.056388472573585646,0.885244901632993
2026-03-03 21:11,Surface2,13.065753424657535,basinhopping,0.000805126979026286,0.1324,0.001,0.37325801252646396,-0.33180988284114,0.18800570981517387,0.699835257422881
2026-03-03 21:11,Surface2,13.065753424657535,dual_annealing,0.0016979507237796692,0.1425,0.1850110867937856,0.24762876593096197,-0.8284160659890965,0.002568626189937413,0.43960808101989696
2026-03-03 21:11,Surface2,14.063013698630137,de,0.00022168790245702885,0.4314,0.0010000040394358978,0.3164439527467986,-0.7446416827897253,0.02659604345483746,0.9658690164141897
2026-03-03 21:11,Surface2,14.063013698630137,shgo,0.00022168896808154166,0.1751,0.001,0.31641848909674497,-0.7448864320032856,0.026464110498763405,0.9660434122768186
2026-03-03 21:11,Surface2,14.063013698630137,basinhopping,0.001222183553133236,0.1304,0.030481024770113684,0.4074811022422283,-0.2228910536709588,0.197399091237755,0.6213492792107883
2026-03-03 21:11,Surface2,14.063013698630137,dual_annealing,0.00144553900407618,0.1415,0.11176468400505248,0.3394286943371729,-0.4208130958940134,0.10523413833586609,0.5429462158309651
2026-03-03 21:11,Surface2,19.068493150684933,de,0.0008566465488762467,0.7053,0.0920853677334989,0.2947287491581432,-0.9899999972189112,0.0011379378340007351,0.9999999993479125
2026-03-03 21:11,Surface2,19.068493150684933,shgo,0.0008566465662236225,0.2697,0.09208320948330342,0.29472774895292014,-0.99,0.0011472031037409814,1.0
2026-03-03 21:11,Surface2,19.068493150684933,basinhopping,0.0013871125867163962,0.133,0.012538853359765597,0.4787833690712169,-0.17183214914775805,0.24410229429483266,0.7143251260229441
2026-03-03 21:11,Surface2,19.068493150684933,dual_annealing,0.001591957596022886,0.1437,0.10634360266961031,0.4246305735594633,-0.2907382210225997,0.14668083648391855,0.6231069777394889
2026-03-03 21:11,Surface3,0.005479452054794521,de,0.0010505079926427267,0.2314,0.0010000000033916767,0.016053786343466492,-0.6285457671894837,-0.10838219530845056,0.010000003596458695
2026-03-03 21:11,Surface3,0.005479452054794521,shgo,0.0018045424862706873,0.0494,0.001,0.01658927059120782,0.0,0.05709560244584405,0.010000000000000026
2026-03-03 21:11,Surface3,0.005479452054794521,basinhopping,0.0011284520605597593,0.0742,0.001,0.015650239962127357,-0.46031634155475254,-0.05862935964667059,0.010000000000000002
2026-03-03 21:11,Surface3,0.005479452054794521,dual_annealing,0.0014833927118155172,0.1414,0.0015545134881061395,0.017535609961290954,-0.9413275910763372,-0.233980462094589,0.07545656235956762
2026-03-03 21:11,Surface3,0.024657534246575342,de,0.000882966217219863,0.2018,0.0010000000110131357,0.02312040567676904,-0.6591875024477704,-0.06887162447995171,0.01000000164673448
2026-03-03 21:11,Surface3,0.024657534246575342,shgo,0.0039086150568721865,0.0409,0.0010000000000000093,0.018464457729164344,-0.9899999999999997,-0.31971905376096077,0.505
2026-03-03 21:11,Surface3,0.024657534246575342,basinhopping,0.000885567629234556,0.0853,0.001,0.023254553783416596,-0.6622518527769234,-0.07271541613690277,0.011722072601178263
2026-03-03 21:11,Surface3,0.024657534246575342,dual_annealing,0.000954490550411748,0.1461,0.001,0.022607819855193112,-0.7265195033369968,-0.07446374230114759,0.020865237018118432
2026-03-03 21:11,Surface3,0.043835616438356165,de,0.0008885622081814176,0.1549,0.001000000005546342,0.0285564912385608,-0.6400262361923369,-0.05323812385783078,0.016535117414169354
2026-03-03 21:11,Surface3,0.043835616438356165,shgo,0.0045977118247254155,0.0413,0.001,0.023419984294780545,-0.99,-0.3141129024816465,0.505
2026-03-03 21:11,Surface3,0.043835616438356165,basinhopping,0.0009343825796774906,0.0958,0.0010000000000000117,0.02801010091087941,-0.6007888896151028,-0.03556071786292163,0.020073041309578966
2026-03-03 21:11,Surface3,0.043835616438356165,dual_annealing,0.0009983525432181663,0.1451,0.001,0.029854674403802184,-0.6112794763845206,-0.06855591618660788,0.016592594382537976
2026-03-03 21:11,Surface3,0.06301369863013699,de,0.0012493360395363251,0.1859,0.0010000000145080623,0.04144812759244332,-0.7165156941295169,-0.08844412871151802,0.041535088862143854
2026-03-03 21:11,Surface3,0.06301369863013699,shgo,0.006473713297740297,0.0401,0.001,0.03320277206039482,-0.99,-0.31916581931292226,0.505
2026-03-03 21:11,Surface3,0.06301369863013699,basinhopping,0.0012540788001689624,0.1089,0.001,0.04101865831090527,-0.7175175256472313,-0.08377970963294383,0.04068961335106244
2026-03-03 21:11,Surface3,0.06301369863013699,dual_annealing,0.001276120636156479,0.1469,0.001,0.04111137762699449,-0.7470687875865211,-0.09298522469823883,0.04866798359387541
2026-03-03 21:11,Surface3,0.13972602739726028,de,0.0012475081247454558,0.1548,0.0010000000274776322,0.052873034392492135,-0.7233559907957265,-0.08011403247269228,0.06650789299187704
2026-03-03 21:11,Surface3,0.13972602739726028,shgo,0.007774874485619067,0.0403,0.001,0.04364969860323213,-0.99,-0.3115053332902519,0.505
2026-03-03 21:11,Surface3,0.13972602739726028,basinhopping,0.0012492954598406463,0.1687,0.0010000000000000007,0.05320001922825325,-0.7253733059508753,-0.08272710285978381,0.06777858761544418
2026-03-03 21:11,Surface3,0.13972602739726028,dual_annealing,0.0014016380219854727,0.1455,0.0010000000000000009,0.05121560737511899,-0.6729825886046366,-0.05305068736456852,0.0655597068105076
2026-03-03 21:11,Surface3,0.2356164383561644,de,0.001422322201060179,0.1693,0.0010000000558599842,0.06727958148657415,-0.7554400034755265,-0.08688568790082096,0.10387736792592783
2026-03-03 21:11,Surface3,0.2356164383561644,shgo,0.009091707758261318,0.0407,0.0010000000000000143,0.057010819794035855,-0.99,-0.3083986278172215,0.505
2026-03-03 21:11,Surface3,0.2356164383561644,basinhopping,0.0014249017431107584,0.1251,0.001,0.06728195660557564,-0.7607472289150309,-0.08891817687586266,0.10422772097216224
2026-03-03 21:11,Surface3,0.2356164383561644,dual_annealing,0.0014332675021537455,0.1454,0.001,0.06746462133478227,-0.7507696214886677,-0.08508006505257965,0.10507255891157165
2026-03-03 21:11,Surface3,0.31232876712328766,de,0.0014625526000880318,0.1523,0.0010000002025719046,0.07539014772709701,-0.7587292066578218,-0.08086361620192978,0.12356989407041863
2026-03-03 21:11,Surface3,0.31232876712328766,shgo,0.009628574907552605,0.0435,0.001,0.06578864902340835,-0.99,-0.3048920895152408,0.505
2026-03-03 21:11,Surface3,0.31232876712328766,basinhopping,0.0014639621371122494,0.1269,0.001,0.07515873932899078,-0.754957095855983,-0.07880541555854614,0.12320088147147354
2026-03-03 21:11,Surface3,0.31232876712328766,dual_annealing,0.001465603099124672,0.1452,0.001,0.07504930096083463,-0.757940860428344,-0.07991533023941112,0.12378404440499115
2026-03-03 21:11,Surface3,0.5616438356164384,de,0.0013681910934868313,0.1859,0.0010000000331008563,0.09088119412662943,-0.7511372712682012,-0.05902467970899511,0.178687357562673
2026-03-03 21:11,Surface3,0.5616438356164384,shgo,0.0013681910887442627,0.0458,0.0010000000000000009,0.09088044125576249,-0.7511411986274218,-0.05902154160843355,0.17868787890138832
2026-03-03 21:11,Surface3,0.5616438356164384,basinhopping,0.0013731965460154919,0.133,0.0010000000000000002,0.091133056000902,-0.7602749956788067,-0.06471191753093365,0.18287059615215262
2026-03-03 21:11,Surface3,0.5616438356164384,dual_annealing,0.0013759887955616034,0.1459,0.001,0.0907401234387431,-0.7422334961718678,-0.05648007019906832,0.1759014615164924
2026-03-03 21:11,Surface3,0.810958904109589,de,0.0013147831805165224,0.2242,0.0010000001275913828,0.10263091917713307,-0.7434197153748193,-0.032908559308055696,0.22058791445069037
2026-03-03 21:11,Surface3,0.810958904109589,shgo,0.0013147831715055586,0.0505,0.0010000000000000035,0.10263040003518345,-0.7434150338413301,-0.03290435462586867,0.22058552806529116
2026-03-03 21:11,Surface3,0.810958904109589,basinhopping,0.0013324930589735204,0.1314,0.001000000000000001,0.10193253173929313,-0.7405997375078774,-0.029805791620805506,0.22255892856853426
2026-03-03 21:11,Surface3,0.810958904109589,dual_annealing,0.0013290652003295704,0.1469,0.0010000000000000002,0.10165563605377231,-0.7457577125782879,-0.028938549421860985,0.22164953528872205
2026-03-03 21:11,Surface3,1.0602739726027397,de,0.0010929641899958098,0.2315,0.0010000001390451652,0.11446318358470142,-0.7729852079702109,-0.02490850766406566,0.268397668062653
2026-03-03 21:11,Surface3,1.0602739726027397,shgo,0.0010929641872319614,0.053,0.0010000000000000005,0.11446344158617704,-0.7729820255506237,-0.02490878861976125,0.2683971062701204
2026-03-03 21:11,Surface3,1.0602739726027397,basinhopping,0.0011191166695904615,0.1331,0.0017059868703723155,0.11406142851518326,-0.7946361711005674,-0.033479164629462994,0.26958546154260443
2026-03-03 21:11,Surface3,1.0602739726027397,dual_annealing,0.0013792293906378754,0.1443,0.006528696721922705,0.10629358430916076,-0.7895825810784858,-0.002741418404824952,0.21401173370451063
2026-03-03 21:11,Surface3,1.558904109589041,de,0.000796421669772204,0.2427,0.001000000175886251,0.13742531642297134,-0.7145482895327423,0.010208118247990727,0.3196493769371036
2026-03-03 21:11,Surface3,1.558904109589041,shgo,0.0007964216623442869,0.0529,0.001,0.1374248255204928,-0.7145504234720583,0.010208851917899244,0.3196504028811347
2026-03-03 21:11,Surface3,1.558904109589041,basinhopping,0.0008143407056017469,0.1315,0.001,0.13735787151025491,-0.7043366927553772,0.014504766774562545,0.31533191862470683
2026-03-03 21:11,Surface3,1.558904109589041,dual_annealing,0.0016559974442139198,0.1431,0.009875239078327037,0.12793693178653326,-0.6543946379458225,0.06290632184984399,0.22541490911406684
2026-03-03 21:11,Surface3,2.0575342465753423,de,0.0007128056285353086,0.2569,0.0010000001574395623,0.14271507917730225,-0.5982607712613468,0.1413355570575512,0.3151093451852225
2026-03-03 21:11,Surface3,2.0575342465753423,shgo,0.0007128056349798516,0.0535,0.001,0.14271461243894296,-0.5982770965726351,0.14133016620078367,0.3151142233501238
2026-03-03 21:11,Surface3,2.0575342465753423,basinhopping,0.0007226409098001209,0.1477,0.001,0.14370284846506667,-0.586293979277511,0.14325783157971522,0.3106201939748156
2026-03-03 21:11,Surface3,2.0575342465753423,dual_annealing,0.0013012827619159437,0.1459,0.0010000000000000026,0.15523023592047738,-0.3860272077502075,0.19615663252201154,0.2530323630973999
2026-03-03 21:11,Surface3,2.5561643835616437,de,0.0006606030189348703,0.3062,0.0010000003102553778,0.16087873686149223,-0.578583724904481,0.16150076006537684,0.35081317558489633
2026-03-03 21:11,Surface3,2.5561643835616437,shgo,0.0006606030159308864,0.065,0.0010000000000000005,0.16087782077648718,-0.5785992119141923,0.16149698880175245,0.3508175900102302
2026-03-03 21:11,Surface3,2.5561643835616437,basinhopping,0.000745596049332146,0.1547,0.008901814480019378,0.1520218516225707,-0.6504708195262734,0.14680438811689472,0.3291225291900446
2026-03-03 21:11,Surface3,2.5561643835616437,dual_annealing,0.0012514137900001816,0.1452,0.029784312671685347,0.13055956257719295,-0.9479456817731281,0.0665224454052428,0.2948345335964168
2026-03-03 21:11,Surface3,3.0547945205479454,de,0.0006415438382442323,0.3057,0.0010000002127772412,0.1792833057769363,-0.5740409951880854,0.17068752902487372,0.3830637877088543
2026-03-03 21:11,Surface3,3.0547945205479454,shgo,0.0006415438362203395,0.0712,0.0010000000000000002,0.17928153275418643,-0.5740678152071146,0.17067997706826635,0.38307273285559457
2026-03-03 21:11,Surface3,3.0547945205479454,basinhopping,0.0006590711896113759,0.1559,0.0032443012150130527,0.17693919412084264,-0.5901966932859585,0.16684084447213626,0.3775580040594669
2026-03-03 21:11,Surface3,3.0547945205479454,dual_annealing,0.0006875581697492016,0.1455,0.004177131052027327,0.17499626474959662,-0.6237268745792177,0.15521500574621871,0.38422929073082845
2026-03-03 21:11,Surface3,4.071232876712329,de,0.0005959205920561087,0.3053,0.0010000015513081384,0.21381188671890833,-0.5581425267966406,0.18778862084268577,0.4382093597138283
2026-03-03 21:11,Surface3,4.071232876712329,shgo,0.000595920580248404,0.0878,0.001,0.21381045994998968,-0.5581561479963104,0.187785653501449,0.43821390306905084
2026-03-03 21:11,Surface3,4.071232876712329,basinhopping,0.0006414246112697464,0.156,0.005710622871290173,0.2111267357520171,-0.5589240831638657,0.18992951657444132,0.4197326962060197
2026-03-03 21:11,Surface3,4.071232876712329,dual_annealing,0.0015817590818546466,0.1452,0.05635560421633119,0.16635955031900082,-0.8278661211431079,0.13721902997591545,0.26077146944974144
2026-03-03 21:11,Surface3,5.068493150684931,de,0.0005640220670788148,0.3271,0.0010000002718052459,0.24699105928155649,-0.5479416277664196,0.1989026893148209,0.48514357893776766
2026-03-03 21:11,Surface3,5.068493150684931,shgo,0.0005640220585681068,0.109,0.0010000000000000007,0.24698977592652213,-0.547951583705939,0.19890115570956973,0.48514724623420696
2026-03-03 21:11,Surface3,5.068493150684931,basinhopping,0.0006242939835540283,0.1473,0.001,0.2524913441854567,-0.4952518060732947,0.21510830784367355,0.4647292800589316
2026-03-03 21:11,Surface3,5.068493150684931,dual_annealing,0.0010731606257358191,0.1454,0.05776203128104739,0.19051294450345888,-0.9875217045382092,0.08016403208696835,0.4383678322454306
2026-03-03 21:11,Surface3,6.065753424657534,de,0.0005604120542745764,0.3551,0.0010000000208882365,0.2863450895879895,-0.5269358831493305,0.19828487180658483,0.5197459013570794
2026-03-03 21:11,Surface3,6.065753424657534,shgo,0.0005604120488138539,0.1142,0.0010000000000000035,0.2863451545267661,-0.5269387981653337,0.1982825846117558,0.51974705808584
2026-03-03 21:11,Surface3,6.065753424657534,basinhopping,0.000622210159699585,0.1453,0.014918543430003588,0.2742126376829705,-0.5788264898513447,0.18390459996791236,0.5004780374659364
2026-03-03 21:11,Surface3,6.065753424657534,dual_annealing,0.0015326628299896484,0.1455,0.04422436126104188,0.24225980451765175,-0.9231150993533267,0.04016716497385207,0.5670921131938269
2026-03-03 21:11,Surface3,7.063013698630137,de,0.0005648160896358631,0.3628,0.0010000013130488372,0.32673051656398056,-0.5113662431709365,0.1940508619524357,0.5500955089547146
2026-03-03 21:11,Surface3,7.063013698630137,shgo,0.0005648161038540997,0.1597,0.001,0.3267269995764726,-0.5113956360437505,0.19403882480150242,0.5501079927461217
2026-03-03 21:11,Surface3,7.063013698630137,basinhopping,0.0006462753384728707,0.1409,0.0010000000000000018,0.3348559211810873,-0.45521119779059055,0.21349106602327672,0.5261110328663889
2026-03-03 21:11,Surface3,7.063013698630137,dual_annealing,0.000724647390618532,0.1419,0.001,0.3396093769660627,-0.42201480709497247,0.22502975457949984,0.5138135058268944
2026-03-03 21:11,Surface3,8.06027397260274,de,0.0005735211931863329,0.3624,0.0010000009901121043,0.3701464966361963,-0.4963891596857792,0.1868036511338106,0.5780102167723471
2026-03-03 21:11,Surface3,8.06027397260274,shgo,0.0005735211963927375,0.1648,0.001,0.37014412203814645,-0.49640469945871774,0.1867979968487561,0.5780170098028329
2026-03-03 21:11,Surface3,8.06027397260274,basinhopping,0.0006283954205939025,0.1415,0.01217912409024587,0.35784951739103643,-0.5415055116034887,0.1737816611097071,0.5735005738521685
2026-03-03 21:11,Surface3,8.06027397260274,dual_annealing,0.0011631201778666402,0.1431,0.10301956221615637,0.28182813933607864,-0.9491338074858147,0.04070280647637783,0.519729111821514
2026-03-03 21:11,Surface3,9.057534246575342,de,0.0005618020239761377,0.3743,0.0010000002221088877,0.40924668645357754,-0.49016791645149044,0.18215447123027262,0.6122698848811842
2026-03-03 21:11,Surface3,9.057534246575342,shgo,0.0005618020255497531,0.2062,0.0010000000000000002,0.4092460607370819,-0.49016876149146127,0.18215481366139952,0.6122708491263796
2026-03-03 21:11,Surface3,9.057534246575342,basinhopping,0.0006312370657318969,0.1416,0.016325141874856158,0.39877160638280273,-0.5129794279847719,0.17642887320939954,0.5927891697413455
2026-03-03 21:11,Surface3,9.057534246575342,dual_annealing,0.0010570629953628174,0.144,0.12217121836549383,0.31004900660021145,-0.9320049534248328,0.03655012082724026,0.5368406559493787
2026-03-03 21:11,Surface3,10.073972602739726,de,0.0005627178494461886,0.3817,0.0010000006392598682,0.44789038173565615,-0.5011369427398816,0.17648472114484215,0.6452199653220285
2026-03-03 21:11,Surface3,10.073972602739726,shgo,0.0005627178920410141,0.1689,0.001000000000000002,0.4478825656854846,-0.501180070584685,0.1764667300796074,0.645240640213671
2026-03-03 21:11,Surface3,10.073972602739726,basinhopping,0.0006411215097857265,0.1437,0.0035166273219597376,0.4555237292956085,-0.45412259715097486,0.1962391876955154,0.6189039319836859
2026-03-03 21:11,Surface3,10.073972602739726,dual_annealing,0.0009355330164583631,0.1618,0.13871277594523193,0.3411145297504983,-0.9189588220206474,0.038846741032317375,0.5548385862560999
2026-03-03 21:11,Surface3,11.07123287671233,de,0.0005244754810492046,0.4167,0.0010000028569084884,0.468619944247896,-0.535919165120142,0.1812472360231835,0.6931993104082244
2026-03-03 21:11,Surface3,11.07123287671233,shgo,0.0005244755170642624,0.1963,0.001,0.4686189424919806,-0.5359274039906946,0.18124272383070628,0.6932036604855765
2026-03-03 21:11,Surface3,11.07123287671233,basinhopping,0.000595869691631195,0.1433,0.032870078879020874,0.4483111061535064,-0.5815199395452919,0.16635103785326477,0.66186952204795
2026-03-03 21:11,Surface3,11.07123287671233,dual_annealing,0.0008224871284719345,0.1433,0.1632588707134627,0.3559998879142139,-0.9216020990634168,0.060319254665940514,0.5560793494285656
2026-03-03 21:11,Surface3,12.068493150684931,de,0.0004881909473459234,0.4399,0.001000001268481876,0.4998641514397737,-0.5245582177897017,0.17612145126710377,0.7332588691752946
2026-03-03 21:11,Surface3,12.068493150684931,shgo,0.00048819096957220307,0.1619,0.001,0.4998634165532799,-0.5245658441870823,0.17611613458489903,0.733263282122863
2026-03-03 21:11,Surface3,12.068493150684931,basinhopping,0.0006091603517658252,0.1386,0.0010000000000000026,0.5159021318215614,-0.4510796753440711,0.20753030910296252,0.6954680043660325
2026-03-03 21:11,Surface3,12.068493150684931,dual_annealing,0.0008836686294192464,0.1435,0.19544959546922785,0.3735169275306363,-0.9118744285236076,0.052353819915618646,0.5611032164491426
2026-03-03 21:11,Surface3,13.065753424657535,de,0.00048570657386747175,0.401,0.0010000025820658398,0.5364469746149647,-0.5218336230006625,0.1623661472871929,0.7596963615690218
2026-03-03 21:11,Surface3,13.065753424657535,shgo,0.00048570672364737594,0.1554,0.0010000000000000037,0.5364323432259026,-0.5218971573493699,0.16233881601388456,0.7597317178150481
2026-03-03 21:11,Surface3,13.065753424657535,basinhopping,0.0006269905605595349,0.1368,0.0034426239130376365,0.5499363908902059,-0.455444094704474,0.193780473427107,0.7215241994167899
2026-03-03 21:11,Surface3,13.065753424657535,dual_annealing,0.0008441862297655543,0.1436,0.001,0.5759134568410283,-0.3744946747047898,0.2192293049202567,0.6844962390022568
2026-03-03 21:11,Surface3,14.063013698630137,de,0.0005119590874374748,0.4185,0.0010000027853654392,0.586783075905923,-0.5145865096973845,0.1403055776894021,0.774359582982537
2026-03-03 21:11,Surface3,14.063013698630137,shgo,0.0005119592388814774,0.1643,0.001,0.5867638352008138,-0.5146653831901714,0.14026962030429616,0.7744031253070289
2026-03-03 21:11,Surface3,14.063013698630137,basinhopping,0.0006205745845929786,0.1358,0.08884516983264205,0.5352012294330717,-0.6214748060265787,0.09700964286860823,0.7107562907397391
2026-03-03 21:11,Surface3,14.063013698630137,dual_annealing,0.0006184453433513552,0.1407,0.00423342300954172,0.5956593130878437,-0.4689427518142611,0.16377776513953285,0.7458775986365237
2026-03-03 21:11,Surface3,19.068493150684933,de,0.0004822603098910855,0.3338,0.0010000022203834336,0.7330829951464795,-0.5892828278331559,0.04993801628387751,0.9184347275555683
2026-03-03 21:11,Surface3,19.068493150684933,shgo,0.00048226122744836835,0.107,0.001,0.73304965384809,-0.5894020832014004,0.04987271268317157,0.9185146393221925
2026-03-03 21:11,Surface3,19.068493150684933,basinhopping,0.0005972321772554323,0.1341,0.1630974261646588,0.651624112351359,-0.7404670509441682,-0.01599689039242293,0.8311333702414074
2026-03-03 21:11,Surface3,19.068493150684933,dual_annealing,0.0008529299367724964,0.143,0.19259639897939457,0.6522568553955732,-0.7007194181354115,0.0033161713932494145,0.7718545729374943
2026-03-03 21:12,Surface4,0.043835616438356165,de,0.0010414489514911176,0.1617,0.0010000000740339465,0.04427538751254284,-0.48216412278551213,-0.03859584342610706,0.05420076145841918
2026-03-03 21:12,Surface4,0.043835616438356165,shgo,0.005583686802794983,0.0421,0.0010000000000000278,0.03755628236754744,-0.99,-0.3407185404952181,0.505
2026-03-03 21:12,Surface4,0.043835616438356165,basinhopping,0.0010606633037301535,0.1089,0.001,0.0442640713046539,-0.4584992199301137,-0.029123083133035,0.041376701988842204
2026-03-03 21:12,Surface4,0.043835616438356165,dual_annealing,0.0012098198017900634,0.1453,0.001,0.04471502227328255,-0.38579995573255416,-0.01516843471604311,0.04580692107322235
2026-03-03 21:12,Surface4,0.12054794520547946,de,0.0010443959390495413,0.1991,0.0010000000045124469,0.06746246116688825,-0.4812131542821254,-0.017027582465200697,0.10228795750539882
2026-03-03 21:12,Surface4,0.12054794520547946,shgo,0.006982981478791098,0.0425,0.0010000000000000048,0.06070127173464412,-0.99,-0.3265971845099717,0.505
2026-03-03 21:12,Surface4,0.12054794520547946,basinhopping,0.0010476017987117018,0.1242,0.0010000000000000005,0.06767263621000198,-0.4843125446515394,-0.019299282911863114,0.10147860034469919
2026-03-03 21:12,Surface4,0.12054794520547946,dual_annealing,0.0016040830705771258,0.1479,0.004145720021103447,0.061648002886923674,-0.5509995423783272,-0.01240731547929284,0.03245185638323107
2026-03-03 21:12,Surface4,0.21643835616438356,de,0.0007255476861321228,0.2164,0.0010000000128328468,0.07029248182806891,-0.5506095505027299,0.026181707223429718,0.1654446391098201
2026-03-03 21:12,Surface4,0.21643835616438356,shgo,0.005586886855086086,0.0407,0.001000000000000015,0.06945261183426617,-0.99,-0.2794472048733826,0.505
2026-03-03 21:12,Surface4,0.21643835616438356,basinhopping,0.0007418922004730278,0.1241,0.001,0.07017158296156661,-0.566336103949486,0.0229904113857234,0.1683321094357702
2026-03-03 21:12,Surface4,0.21643835616438356,dual_annealing,0.001253258899943342,0.1453,0.00753227453603756,0.06105739486047383,-0.7932132576255128,-0.02702621345182613,0.1190882600850692
2026-03-03 21:12,Surface4,0.29315068493150687,de,0.0006419362673557499,0.2129,0.0010000000465422154,0.07947946798276107,-0.5000449462694051,0.03868866837516027,0.19831626138606356
2026-03-03 21:12,Surface4,0.29315068493150687,shgo,0.0008459142610959488,0.0465,0.001000000000000001,0.0794451534731721,-0.5874057232810402,-6.393935831166179e-19,0.22399178287649707
2026-03-03 21:12,Surface4,0.29315068493150687,basinhopping,0.0006476866963790625,0.1277,0.001,0.07941486307900626,-0.510702053079657,0.03428488986255607,0.20038094960541725
2026-03-03 21:12,Surface4,0.29315068493150687,dual_annealing,0.0011457038452889353,0.1458,0.007743886256804457,0.06884045302364929,-0.5803948230079083,0.047973084196425674,0.11394009807114477
2026-03-03 21:12,Surface4,0.5424657534246575,de,0.0006968941552552284,0.2544,0.0010000000123691621,0.11656806944163917,-0.44635215120909927,0.0546369247939571,0.23767242601823607
2026-03-03 21:12,Surface4,0.5424657534246575,shgo,0.0006968941535412405,0.0539,0.001,0.11656805709337797,-0.44636014748456804,0.05463311784854317,0.23767427701329202
2026-03-03 21:12,Surface4,0.5424657534246575,basinhopping,0.000754025549212786,0.1347,0.0014257598721125438,0.1169836686839722,-0.4171069561160459,0.06608829910192433,0.22537171654814298
2026-03-03 21:12,Surface4,0.5424657534246575,dual_annealing,0.0014411180850988868,0.1462,0.008430371754146222,0.10712002329979951,-0.6652740814978231,-0.021444625209766643,0.2390358177617602
2026-03-03 21:12,Surface4,0.7917808219178082,de,0.0006047504645554159,0.2726,0.0010000000183957303,0.13868668691046654,-0.4063054911792571,0.07219159933514474,0.28600932407228813
2026-03-03 21:12,Surface4,0.7917808219178082,shgo,0.0006047504818370382,0.0564,0.001,0.1386864901792125,-0.40631729409371237,0.07218729530094023,0.286011211652343
2026-03-03 21:12,Surface4,0.7917808219178082,basinhopping,0.0007132224466254934,0.1343,0.0010000000000000007,0.13673036244870868,-0.45336366006807577,0.056569330300275555,0.30068521020647243
2026-03-03 21:12,Surface4,0.7917808219178082,dual_annealing,0.0012524309640297678,0.1437,0.022273377815051943,0.11081183390638208,-0.6826730290613274,0.013062575347077665,0.20293071299870438
2026-03-03 21:12,Surface4,1.0410958904109588,de,0.0005272753150134412,0.253,0.001000000215815089,0.1568733887074386,-0.37855203580395047,0.08866817762605328,0.32590183443455323
2026-03-03 21:12,Surface4,1.0410958904109588,shgo,0.0005272753125725017,0.0569,0.001,0.15687328744433923,-0.3785539459895684,0.08866808961343373,0.3259015706925081
2026-03-03 21:12,Surface4,1.0410958904109588,basinhopping,0.0006371218657043613,0.1368,0.0017067335148356233,0.15353744070070408,-0.4269375764067481,0.0728321313160675,0.3371660021338639
2026-03-03 21:12,Surface4,1.0410958904109588,dual_annealing,0.0005768430491768968,0.1456,0.0010000000000000002,0.15846191634215856,-0.34923923654185485,0.0995523601255389,0.31791697230976623
2026-03-03 21:12,Surface4,1.5397260273972602,de,0.00042375531626898436,0.3019,0.0010000000813858434,0.1870974524303775,-0.3417691381025045,0.11338198737880933,0.39167765721558334
2026-03-03 21:12,Surface4,1.5397260273972602,shgo,0.00042375531525009496,0.0693,0.001,0.1870974430004425,-0.3417690193975786,0.11338210014914259,0.3916775001454236
2026-03-03 21:12,Surface4,1.5397260273972602,basinhopping,0.0004641090512963673,0.1374,0.001,0.188907787959744,-0.31250567409268926,0.1254853094643141,0.38283048549713977
2026-03-03 21:12,Surface4,1.5397260273972602,dual_annealing,0.0014335287839498166,0.1466,0.02710245813228307,0.1564971899079213,-0.6603990526444438,-0.0007389502021090608,0.3703069988813359
2026-03-03 21:12,Surface4,2.0383561643835617,de,0.00035642988762525353,0.3355,0.0010000003636292387,0.21498296996349392,-0.3129717563750141,0.130850510253124,0.4453604923048831
2026-03-03 21:12,Surface4,2.0383561643835617,shgo,0.00035642988780676486,0.0802,0.001,0.21498295752694618,-0.3129725297950182,0.1308495561360781,0.4453607070422678
2026-03-03 21:12,Surface4,2.0383561643835617,basinhopping,0.0003746101191989308,0.1383,0.0017116478501043235,0.2141027739082102,-0.32461860155339084,0.1244659925990167,0.4461456814414624
2026-03-03 21:12,Surface4,2.0383561643835617,dual_annealing,0.001127027722011744,0.144,0.03904893616876764,0.18268243037147522,-0.3917819567640826,0.11931960414795559,0.3147312019730129
2026-03-03 21:12,Surface4,2.536986301369863,de,0.00031076265392469745,0.3432,0.0010000000362304085,0.2395290400411373,-0.294547374903767,0.14653450385643219,0.4901531479857958
2026-03-03 21:12,Surface4,2.536986301369863,shgo,0.0003107626531900088,0.0926,0.0010000000000000002,0.23952883831904181,-0.2945493650229767,0.1465332328582038,0.4901542798135173
2026-03-03 21:12,Surface4,2.536986301369863,basinhopping,0.00033085283613168133,0.1398,0.0036725557141402496,0.23757601279714272,-0.2950412748776945,0.14779963380747335,0.48227622938969444
2026-03-03 21:12,Surface4,2.536986301369863,dual_annealing,0.0016169791518207877,0.1419,0.06648823009203501,0.18343037800157982,-0.44045893108058765,0.12099708958844485,0.2849940854076525
2026-03-03 21:12,Surface4,3.0356164383561643,de,0.00027350564783605195,0.4052,0.00100000022659813,0.2615832899817676,-0.27978723994694277,0.16055592406159058,0.5319819993297003
2026-03-03 21:12,Surface4,3.0356164383561643,shgo,0.00027350565767397307,0.1112,0.001,0.26158206890621866,-0.27979379361587164,0.16055399726658962,0.5319853496555647
2026-03-03 21:12,Surface4,3.0356164383561643,basinhopping,0.00034306443795676273,0.1392,0.005922620783284923,0.259588565028274,-0.2684976458837274,0.16710046556028418,0.5148699486105344
2026-03-03 21:12,Surface4,3.0356164383561643,dual_annealing,0.0007477190693999565,0.1411,0.07242177864264178,0.19565565409647234,-0.5652134195446682,0.07497368631921486,0.3873601529359848
2026-03-03 21:12,Surface4,4.052054794520548,de,0.0002164055921893019,0.3758,0.0010000001158532723,0.3012835829408213,-0.2569727919290349,0.18594739431382834,0.608963371026246
2026-03-03 21:12,Surface4,4.052054794520548,shgo,0.0002164055952322186,0.1245,0.001,0.30128330837209066,-0.25697574034145626,0.1859456681979987,0.6089645986200272
2026-03-03 21:12,Surface4,4.052054794520548,basinhopping,0.0002948554426574833,0.1401,0.012795403226821881,0.29488782032009514,-0.25765141785447465,0.1877691361644786,0.5811313073257431
2026-03-03 21:12,Surface4,4.052054794520548,dual_annealing,0.001426041188848801,0.1461,0.04384197405908967,0.29368536756413777,-0.14286540176016813,0.24113479387125536,0.46141812147042943
2026-03-03 21:12,Surface4,5.049315068493151,de,0.00018114546026487015,0.4137,0.0010000006902920466,0.3367543044819692,-0.24195483513720992,0.20689000628586207,0.6732893538590509
2026-03-03 21:12,Surface4,5.049315068493151,shgo,0.00018114547443377437,0.187,0.001,0.33675273810767997,-0.24196765569193607,0.20688225501602545,0.6732946010438795
2026-03-03 21:12,Surface4,5.049315068493151,basinhopping,0.0002642797495771975,0.1379,0.013015450071588698,0.33031030640721337,-0.2433718856310449,0.2077087964179281,0.6497007444734803
2026-03-03 21:12,Surface4,5.049315068493151,dual_annealing,0.0009238240184650958,0.1455,0.16632136133733813,0.20518804299949553,-0.7414886907168723,0.0500852920678351,0.3890640368910919
2026-03-03 21:12,Surface4,6.046575342465753,de,0.00015556356391136362,0.3651,0.0010000000702198308,0.36922831264338385,-0.23027255321364334,0.2248643552419577,0.7307963375702715
2026-03-03 21:12,Surface4,6.046575342465753,shgo,0.00015556360092865075,0.1853,0.001000000000000008,0.3692251622773861,-0.23029161507002305,0.22485316288165383,0.7308054657751594
2026-03-03 21:12,Surface4,6.046575342465753,basinhopping,0.00022517971254934938,0.1356,0.024763185334935336,0.3553570440695125,-0.2503246192408047,0.2157676919008484,0.6943108916163266
2026-03-03 21:12,Surface4,6.046575342465753,dual_annealing,0.0018775124385410078,0.1424,0.1955100148325652,0.2323925418576647,-0.9017636392114646,-0.07256470937803314,0.5232370032357614
2026-03-03 21:12,Surface4,7.043835616438356,de,0.00013991221816330506,0.4716,0.0010000001683508897,0.4017278835447037,-0.22144115296756306,0.23863862488265475,0.7791180270148863
2026-03-03 21:12,Surface4,7.043835616438356,shgo,0.0001399123112866683,0.2062,0.0010000000000000033,0.401722675612091,-0.22147260714352895,0.23861847559088453,0.77913303973267
2026-03-03 21:12,Surface4,7.043835616438356,basinhopping,0.0002383715047204622,0.1338,0.019376085677116482,0.3861212376747186,-0.2727550141173406,0.2064336471756553,0.771718005609374
2026-03-03 21:12,Surface4,7.043835616438356,dual_annealing,0.0017060599522321727,0.1437,0.22549736862926162,0.2499621664229334,-0.8820100910834492,-0.06370103941700328,0.5511116663439456
2026-03-03 21:12,Surface4,8.04109589041096,de,0.00013055212365533449,0.3697,0.0010000000956169597,0.4342203566536823,-0.21551921917290526,0.2501030365143402,0.8198566080711529
2026-03-03 21:12,Surface4,8.04109589041096,shgo,0.00013055217338325047,0.1997,0.001,0.4342180367671523,-0.21553516589653135,0.25009126532786596,0.8198638714656323
2026-03-03 21:12,Surface4,8.04109589041096,basinhopping,0.00024507116379199144,0.1324,0.05512352558242554,0.3985036321916099,-0.29821977125691324,0.2023116631239767,0.7703961932460246
2026-03-03 21:12,Surface4,8.04109589041096,dual_annealing,0.0016904808027364368,0.1433,0.245091151928849,0.27601773057554363,-0.8552478281671914,-0.06558674465644516,0.6038944447414812
2026-03-03 21:12,Surface4,9.038356164383561,de,0.0001167763056744949,0.5393,0.001000000162933612,0.45798483777002796,-0.2118720061914434,0.2667435307716265,0.8717107479456612
2026-03-03 21:12,Surface4,9.038356164383561,shgo,0.00011677637346701817,0.2383,0.0010000000000000002,0.4579804267490114,-0.21189048804264296,0.26673216238207875,0.8717215041632075
2026-03-03 21:12,Surface4,9.038356164383561,basinhopping,0.00020712791991727683,0.1308,0.04762044297640457,0.42980612541051855,-0.2671915275006793,0.23151087678019688,0.8293468655565278
2026-03-03 21:12,Surface4,9.038356164383561,dual_annealing,0.0014164369199258784,0.1413,0.27918214702844285,0.28434376418869733,-0.8506327771149046,-0.050521027085650205,0.6237372305098615
2026-03-03 21:12,Surface4,10.054794520547945,de,0.00010997152753517908,0.482,0.0010000010064524223,0.4824179441498835,-0.21072970384318332,0.2809257926320906,0.9179187278564211
2026-03-03 21:12,Surface4,10.054794520547945,shgo,0.00010997167404035578,0.2,0.001,0.4824107780659295,-0.2107680056609639,0.2808964666343283,0.917938700780457
2026-03-03 21:12,Surface4,10.054794520547945,basinhopping,0.00036063316484401367,0.1302,0.0555137964039686,0.4625370019286603,-0.20897634392751935,0.28416010074807335,0.8386326083980856
2026-03-03 21:12,Surface4,10.054794520547945,dual_annealing,0.0011687817585240444,0.1401,0.3100650553653581,0.2952406414701654,-0.8397258679037491,-0.03345179841636854,0.6471952815076443
2026-03-03 21:12,Surface4,11.052054794520547,de,0.00010379380567794997,0.4892,0.0010000001973430872,0.5052951850983458,-0.2106625133808091,0.29337921588850924,0.960076322045638
2026-03-03 21:12,Surface4,11.052054794520547,shgo,0.00010379457003950681,0.1984,0.0010000000000000013,0.5052773738729109,-0.21075013339148846,0.2933119692017644,0.960124325464751
2026-03-03 21:12,Surface4,11.052054794520547,basinhopping,0.00039520609947661515,0.1295,0.12586088788842306,0.44464993546551174,-0.28444444689850673,0.25053204369755083,0.8209658633208524
2026-03-03 21:12,Surface4,11.052054794520547,dual_annealing,0.0014685400878694684,0.1442,0.3575542162868603,0.2994696523395705,-0.6103683707595308,0.1359326046340266,0.5029980307554838
2026-03-03 21:12,Surface4,12.04931506849315,de,0.00010091989495235657,0.6744,0.002498050773171001,0.5251668531295709,-0.21262183150029096,0.3075077622868013,0.9999999997679407
2026-03-03 21:12,Surface4,12.04931506849315,shgo,0.00010092228385655523,0.2008,0.002631273257598331,0.5250579514896738,-0.21290877731143124,0.3072882836639305,1.0
2026-03-03 21:12,Surface4,12.04931506849315,basinhopping,0.00019124322064324124,0.1298,0.02606082978895018,0.5171061754454751,-0.21624964098793706,0.3045884692722614,0.970555732970241
2026-03-03 21:12,Surface4,12.04931506849315,dual_annealing,0.0015154079281542367,0.1468,0.001000000000000006,0.6595743232664666,0.1160003349864565,0.5,0.7996301339389148
2026-03-03 21:12,Surface4,13.046575342465754,de,0.0001238464208189458,0.4499,0.057375002951087384,0.5158444581514205,-0.2732293149318675,0.28656006169511783,0.999999999895857
2026-03-03 21:12,Surface4,13.046575342465754,shgo,0.00012384847608384045,0.1883,0.05750873652686895,0.5157385987985988,-0.273516068098796,0.2863571519546734,1.0
2026-03-03 21:12,Surface4,13.046575342465754,basinhopping,0.0002198201843909148,0.1266,0.0401672166023702,0.5356439868552734,-0.21386394352720217,0.3287116998679095,0.98527388389865
2026-03-03 21:12,Surface4,13.046575342465754,dual_annealing,0.0010635092920008977,0.1543,0.001,0.6532949146906237,0.058778747769281985,0.5,0.8629771065208575
2026-03-03 21:12,Surface4,14.043835616438356,de,0.0001454082494227616,0.4844,0.1255590039517268,0.4965122730443005,-0.34489103476504085,0.25676659901103205,0.9999999997429756
2026-03-03 21:12,Surface4,14.043835616438356,shgo,0.0001454088395717461,0.1847,0.12562331187872866,0.4964644891781071,-0.34503291565792316,0.2566690245482901,1.0
2026-03-03 21:12,Surface4,14.043835616438356,basinhopping,0.00043664416397012424,0.1281,0.13143269205481717,0.5086609542690207,-0.27888951921947425,0.3041538911167813,0.9500087160872139
2026-03-03 21:12,Surface4,14.043835616438356,dual_annealing,0.0012494464826120833,0.1463,0.001,0.6722659957544812,0.04184740900080028,0.5,0.903029882169661
2026-03-03 21:12,Surface4,19.04931506849315,de,0.00021103763355357437,0.4229,0.353471740413869,0.5262377816446554,-0.4996518886689999,0.09444112640119595,0.9999999999780771
2026-03-03 21:12,Surface4,19.04931506849315,shgo,0.00021103798348910064,0.1255,0.353499420651792,0.5262166220426747,-0.4997067354713864,0.09441519675749514,1.0
2026-03-03 21:12,Surface4,19.04931506849315,basinhopping,0.00033090437386724606,0.1269,0.416691553362722,0.5009839263431951,-0.5307206472164357,0.08501298932996398,0.9289193678190785
2026-03-03 21:12,Surface4,19.04931506849315,dual_annealing,0.0005240565844153683,0.1458,0.2405619738033341,0.6103356058468342,-0.27704323899719335,0.23945960212014686,0.9960546841998372
